meeting_id,min_time
237199,122.83333333333331
264167,109.28333333333332
264179,110.95000000000002
268624,117.18333333333334
271794,113.98333333333335
274441,116.36666666666666
