meeting_id,sum_up,sigma,diff
237199,4.48091603053439,0.04885496183206095,-5.0
264167,10.458015267175591,0.49519083969465744,-1.0
264179,16.503816793892938,1.1637404580152506,-4.199999999999939
268624,18.01526717557251,1.1873282442747999,-3.2000000000000166
271794,12.26717557251898,0.6322137404580341,-0.5
274441,7.984732824427398,0.46312977099236713,-0.30000000000001137
